/*-- Suces Database Schema-- Version 0.1-- Copyright (c) 2012, Sofia University, Faculty of Mathematics and Informatics-- All rights reserved.-- Redistribution and use in source and binary forms, with or without modification, are permitted provided that the following conditions are met:--  * Redistributions of source code must retain the above copyright notice, this list of conditions and the following disclaimer.--  * Redistributions in binary form must reproduce the above copyright notice, this list of conditions and the following disclaimer in the documentation and/or other materials provided with the distribution.--  * Neither the name of MySQL AB nor the names of its contributors may be used to endorse or promote products derived from this software without specific prior written permission.-- THIS SOFTWARE IS PROVIDED BY THE COPYRIGHT HOLDERS AND CONTRIBUTORS "AS IS" AND ANY EXPRESS OR IMPLIED WARRANTIES, INCLUDING, BUT NOT LIMITED TO, THE IMPLIED WARRANTIES OF MERCHANTABILITY AND FITNESS FOR A PARTICULAR PURPOSE ARE DISCLAIMED. IN NO EVENT SHALL THE COPYRIGHT OWNER OR CONTRIBUTORS BE LIABLE FOR ANY DIRECT, INDIRECT, INCIDENTAL, SPECIAL, EXEMPLARY, OR CONSEQUENTIAL DAMAGES (INCLUDING, BUT NOT LIMITED TO, PROCUREMENT OF SUBSTITUTE GOODS OR SERVICES; LOSS OF USE, DATA, OR PROFITS; OR BUSINESS INTERRUPTION) HOWEVER CAUSED AND ON ANY THEORY OF LIABILITY, WHETHER IN CONTRACT, STRICT LIABILITY, OR TORT (INCLUDING NEGLIGENCE OR OTHERWISE) ARISING IN ANY WAY OUT OF THE USE OF THIS SOFTWARE, EVEN IF ADVISED OF THE POSSIBILITY OF SUCH DAMAGE.-- NOTE Please, execute this script through MySQL workbench (or some other MySQL client) if the data contains slovenian/cyrillic symbols!*/SHOW WARNINGS;USE `suces` ;INSERT INTO `users` (`user_email`, `password`, `create_date`, `last_login_date`) VALUES 	('kristiyanm@uni-sofia.bg', 'a94a8fe5ccb19ba61c4c0873d391e987982fbbd3', NOW(), NULL),	('kbailov@uni-sofia.bg', 'a94a8fe5ccb19ba61c4c0873d391e987982fbbd3', NOW(), NULL),	('stanislavp@uni-sofia.bg', 'a94a8fe5ccb19ba61c4c0873d391e987982fbbd3', NOW(), NULL);    INSERT INTO `roles` (`role_name`, `description`) VALUES	('admin', 'Admin role' ),	('student', 'Student role' );INSERT INTO `users_roles` (`user_email`, `role_name`) VALUES 	('stanislavp@uni-sofia.bg', 'admin'),	('stanislavp@uni-sofia.bg', 'student'),	('kbailov@uni-sofia.bg', 'student'),	('kristiyanm@uni-sofia.bg', 'student');INSERT INTO `semester` (`semester_id`, `semester_name`) VALUES 	(1, 'зимен'),	(2, 'летен');	INSERT INTO `lecturer` (`lecturer_id`, `lecturer_name`) VALUES 	(1, 'Тестови преподавател');INSERT INTO `courses` (`course_id`, `year`, `semester_semester_id`, `workload`, `lecturer_lecturer_id`, `course_annotation`, `preliminary_requirements`, `examination_form`, `summary`, `literature`, `course_name`, `rating`, `rating_counter`) VALUES	(1, 2011, 1, 4, 1, 'анотация на курс', 'изисквания за курс', 'курсови работи и тестове', 'много добър курс', 'прочети в уеб страницата', 'Софтуерни технологии - Проект', NULL, 0);INSERT INTO `course_assessment` (`course_assessment_id`, `course_presentation`, `course_understanding`, `course_attitude`, `students_attitude`, `assessment_correctness`, `course_organization`, `course_usefullness`, `course_in_plan`, `course_difficulty`, `course_engagements`, `course_rated`, `courses_course_id`, `users_user_email`) VALUES	(1, 2, 2, 2, 2, 2, 2, 3, 2, 3, 2, 0, 1, 'kbailov@uni-sofia.bg');	INSERT INTO `specialty` (`specialty_id`, `specialty_name`) VALUES 	(1,'Софтуерно инженерство'),	(2,'Компютърни науки'),	(3,'Информационни системи'),	(4,'Информатика'),	(5,'Математика и информатика'),	(6,'Математика'),	(7,'Статистика');	INSERT INTO `courses_specialty` (`courses_course_id`, `specialty_specialty_id`) VALUES 	(1,1),	(1,2),	(1,3);INSERT INTO `grade` (`grade_id`, `grade_number`) VALUES 	(1,1),	(2,2),	(3,3),	(4,4);	INSERT INTO `courses_grade` (`courses_course_id`, `grade_grade_id`) VALUES 	(1,2),	(1,3);